Bresil,Jefferson,31,Bresil,Botafogo
Bresil,Julio Cesar,34,Etats-Unis,Toronto FC
Bresil,Victor,31,Bresil,Atletico Mineiro
Bresil,Dani Alves,31,Espagne,Barcelona
Bresil,Dante,30,Allemagne,Bayern Munich
Bresil,David Luiz,27,Angleterre,Chelsea
Bresil,Henrique,27,Italie,Napoli
Bresil,Maicon,32,Italie,Roma
Bresil,Marcelo,26,Espagne,Real Madrid
Bresil,Maxwell,32,France,Paris Saint-Germain
Bresil,Thiago Silva (c),29,France,Paris Saint-Germain
Bresil,Bernard,21,Ukraine,Shakhtar Donetsk
Bresil,Fernandinho,29,Angleterre,Manchester City
Bresil,Hernanes,29,Italie,Internazionale
Bresil,Luiz Gustavo,26,Allemagne,VfL Wolfsburg
Bresil,Oscar,22,Angleterre,Chelsea
Bresil,Paulinho,25,Angleterre,Tottenham Hotspur
Bresil,Ramires,27,Angleterre,Chelsea
Bresil,Willian,25,Angleterre,Chelsea
Bresil,Fred,30,Bresil,Fluminense
Bresil,Hulk,27,Russie,Zenit Saint Petersburg
Bresil,Jô,27,Bresil,Atletico Mineiro
Bresil,Neymar,22,Espagne,Barcelona
Allemagne,Charles Itandje,31,Turquie,Konyaspor
Allemagne,Loec Feudjou,22,Cameroun,Coton Sport
Allemagne,Sammy N'Djock,24,Turquie,Fethiyespor
Allemagne,Allan Nyom,26,Espagne,Granada
Allemagne,Aurelien Chedjou,28,Turquie,Galatasaray
Allemagne,Benoît Assou-Ekotto,30,Angleterre,Queens Park Rangers
Allemagne,Cedric Djeugoue,21,Cameroun,Coton Sport
Allemagne,Dany Nounkeu,28,Turquie,Besiktas
Allemagne,Henri Bedimo,30,France,Lyon
Allemagne,Nicolas N'Koulou,24,France,Marseille
Allemagne,Alex Song,26,Espagne,Barcelona
Allemagne,Edgar Salli,21,France,Lens
Allemagne,Eyong Enoh,28,Turquie,Antalyaspor
Allemagne,Jean Makoun,31,France,Rennes
Allemagne,Joel Matip,22,Allemagne,Schalke 4
Allemagne,Landry N'Guemo,28,France,Bordeaux
Allemagne,Stephane Mbia,28,Espagne,Sevilla
Allemagne,Benjamin Moukandjo,25,France,Nancy
Allemagne,Fabrice Olinga,18,Belgique,Zulte Waregem
Allemagne,Maxim Choupo-Moting,25,Allemagne,Mainz 5
Allemagne,Pierre Webo,32,Turquie,Fenerbahce
Allemagne,Samuel Eto'o (c),33,Angleterre,Chelsea
Allemagne,Vincent Aboubakar,22,France,Lorient
Croatie,Danijel Subasic,29,France,Monaco
Croatie,Oliver Zelenika,21,Croatie,Lokomotiva
Croatie,Stipe Pletikosa,35,Russie,Rostov
Croatie,Danijel Pranjic,32,Grece,Panathinaikos
Croatie,Darijo Srna (c),32,Ukraine,Shakhtar Donetsk
Croatie,Dejan Lovren,24,Angleterre,Southampton
Croatie,Domagoj Vida,25,Ukraine,Dynamo Kyiv
Croatie,Gordon Schildenfeld,29,Grece,Panathinaikos
Croatie,Sime Vrsaljko,22,Italie,Genoa
Croatie,Vedran Corluka,28,Russie,Lokomotiv Moscow
Croatie,Milan Badelj,25,Allemagne,Hamburger SV
Croatie,Ivan Perisic,25,Allemagne,VfL Wolfsburg
Croatie,Ivan Rakitic,26,Espagne,Sevilla
Croatie,Luka Modric,28,Espagne,Real Madrid
Croatie,Marcelo Brozovic,21,Croatie,Dinamo Zagreb
Croatie,Mateo Kovacic,20,Italie,Internazionale
Croatie,Ognjen Vukojevic,30,Ukraine,Dynamo Kyiv
Croatie,Sammir,27,Espagne,Getafe
Croatie,Ante Rebic,20,Italie,Fiorentina
Croatie,Eduardo,31,Ukraine,Shakhtar Donetsk
Croatie,Ivica Olic,34,Allemagne,VfL Wolfsburg
Croatie,Mario Mandzukic,28,Allemagne,Bayern Munich
Croatie,Nikica Jelavic,28,Angleterre,Hull City
Mexique,Alfredo Talavera,31,Mexique,Toluca
Mexique,Guillermo Ochoa,28,France,Ajaccio
Mexique,Jose de Jesus Corona,33,Mexique,Cruz Azul
Mexique,Andres Guardado,27,Allemagne,Bayer Leverkusen
Mexique,Carlos Salcido,34,Mexique,UANL
Mexique,Diego Reyes,21,Portugal,Porto
Mexique,Francisco Javier Rodriguez,32,Mexique,America
Mexique,Hector Moreno,26,Espagne,Espanyol
Mexique,Miguel Angel Ponce,25,Mexique,Toluca
Mexique,Miguel Layun,25,Mexique,America
Mexique,Paul Aguilar,28,Mexique,America
Mexique,Rafael Marquez (c),35,Mexique,Leon
Mexique,Carlos Pena,24,Mexique,Leon
Mexique,Hector Herrera,24,Portugal,Porto
Mexique,Isaac Brizuela,23,Mexique,Toluca
Mexique,Javier Aquino,24,Espagne,Villarreal
Mexique,Jose Juan Vazquez,26,Mexique,Leon
Mexique,Marco Fabian,24,Mexique,Cruz Azul
Mexique,Alan Pulido,23,Mexique,UANL
Mexique,Giovani dos Santos,25,Espagne,Villarreal
Mexique,Javier Hernandez,26,Angleterre,Manchester United
Mexique,Oribe Peralta,30,Mexique,Santos Laguna
Mexique,Raul Jimenez,23,Mexique,America
Australie,Eugene Galekovic,32,Australie,Adelaide United
Australie,Mathew Ryan,22,Belgique,Club Brugge
Australie,Mitchell Langerak,25,Allemagne,Borussia Dortmund
Australie,Alex Wilkinson,29,Coree du Sud,Jeonbuk Hyundai Motors
Australie,Bailey Wright,21,Angleterre,Preston North End
Australie,Ivan Franjic,26,Australie,Brisbane Roar
Australie,Jason Davidson,22,Pays-Bas,Heracles Almelo
Australie,Matthew Spiranovic,25,Australie,Western Sydney Wanderers
Australie,Ryan McGowan,24,Chine,Shandong Luneng Taishan
Australie,Ben Halloran,21,Allemagne,Fortuna Düsseldorf
Australie,Dario Vidosic,27,Suisse,Sion
Australie,James Holland,25,Autriche,Autriche Wien
Australie,James Troisi,25,Italie,Atalanta
Australie,Mark Bresciano,34,Qatar,Al-Gharafa
Australie,Mark Milligan,28,Australie,Melbourne Victory
Australie,Massimo Luongo,21,Angleterre,Swindon Town
Australie,Matt McKay,31,Australie,Brisbane Roar
Australie,Mile Jedinak (c),29,Angleterre,Crystal Palace
Australie,Oliver Bozanic,25,Suisse,Luzern
Australie,Tommy Oar,22,Pays-Bas,Utrecht
Australie,Adam Taggart,21,Australie,Newcastle Jets
Australie,Mathew Leckie,23,Allemagne,FSV Frankfurt
Australie,Tim Cahill,34,Etats-Unis,New York Red Bulls
Argentine,Claudio Bravo (c),31,Espagne,Real Sociedad
Argentine,Cristopher Toselli,25,Chili,Universidad Catolica
Argentine,Johnny Herrera,33,Chili,Universidad de Chili
Argentine,Eugenio Mena,25,Bresil,Santos
Argentine,Gary Medel,26,Angleterre,Cardiff City
Argentine,Gonzalo Jara,28,Angleterre,Nottingham Forest
Argentine,Jose Rojas,31,Chili,Universidad de Chili
Argentine,Miiko Albornoz,23,Suede,Malmö FF
Argentine,Arturo Vidal,27,Italie,Juventus
Argentine,Carlos Carmona,27,Italie,Atalanta
Argentine,Charles Aranguiz,25,Bresil,Internacional
Argentine,Fabian Orellana,28,Espagne,Celta Vigo
Argentine,Felipe Gutierrez,23,Pays-Bas,Twente
Argentine,Francisco Silva,28,Espagne,Osasuna
Argentine,Jean Beausejour,30,Angleterre,Wigan Athletic
Argentine,Jorge Valdivia,30,Bresil,Palmeiras
Argentine,Jose Pedro Fuenzalida,29,Chili,Colo-Colo
Argentine,Marcelo Diaz,27,Suisse,Basel
Argentine,Mauricio Isla,25,Italie,Juventus
Argentine,Alexis Sanchez,25,Espagne,Barcelona
Argentine,Eduardo Vargas,24,Espagne,Valencia
Argentine,Esteban Paredes,33,Chili,Colo-Colo
Argentine,Mauricio Pinilla,30,Italie,Cagliari
Espagne,David de Gea,23,Angleterre,Manchester United
Espagne,Iker Casillas (c),33,Espagne,Real Madrid
Espagne,Pepe Reina,31,Italie,Napoli
Espagne,Cesar Azpilicueta,24,Angleterre,Chelsea
Espagne,Gerard Pique,27,Espagne,Barcelona
Espagne,Jordi Alba,25,Espagne,Barcelona
Espagne,Juanfran,29,Espagne,Atletico Madrid
Espagne,Raul Albiol,28,Italie,Napoli
Espagne,Sergio Ramos,28,Espagne,Real Madrid
Espagne,Andres Iniesta,30,Espagne,Barcelona
Espagne,Cesc Fabregas,27,Espagne,Barcelona
Espagne,David Silva,28,Angleterre,Manchester City
Espagne,Javi Martinez,25,Allemagne,Bayern Munich
Espagne,Juan Mata,26,Angleterre,Manchester United
Espagne,Koke,22,Espagne,Atletico Madrid
Espagne,Santi Cazorla,29,Angleterre,Arsenal
Espagne,Sergio Busquets,25,Espagne,Barcelona
Espagne,Xabi Alonso,32,Espagne,Real Madrid
Espagne,Xavi,34,Espagne,Barcelona
Espagne,David Villa,32,Espagne,Atletico Madrid
Espagne,Diego Costa,25,Espagne,Atletico Madrid
Espagne,Fernando Torres,30,Angleterre,Chelsea
Espagne,Pedro,26,Espagne,Barcelona
Pays-Bas,Jasper Cillessen,25,Pays-Bas,Ajax
Pays-Bas,Michel Vorm,30,Angleterre,Swansea City
Pays-Bas,Tim Krul,26,Angleterre,Newcastle United
Pays-Bas,Bruno Martins Indi,22,Pays-Bas,Feyenoord
Pays-Bas,Daley Blind,24,Pays-Bas,Ajax
Pays-Bas,Daryl Janmaat,24,Pays-Bas,Feyenoord
Pays-Bas,Joel Veltman,22,Pays-Bas,Ajax
Pays-Bas,Paul Verhaegh,30,Allemagne,Augsburg
Pays-Bas,Ron Vlaar,29,Angleterre,Aston Villa
Pays-Bas,Stefan de Vrij,22,Pays-Bas,Feyenoord
Pays-Bas,Terence Kongolo,20,Pays-Bas,Feyenoord
Pays-Bas,Arjen Robben,30,Allemagne,Bayern Munich
Pays-Bas,Georginio Wijnaldum,23,Pays-Bas,PSV
Pays-Bas,Jonathan de Guzman,26,Angleterre,Swansea City
Pays-Bas,Jordy Clasie,22,Pays-Bas,Feyenoord
Pays-Bas,Leroy Fer,24,Angleterre,Norwich City
Pays-Bas,Memphis Depay,20,Pays-Bas,PSV
Pays-Bas,Nigel de Jong,29,Italie,Milan
Pays-Bas,Wesley Sneijder,29,Turquie,Galatasaray
Pays-Bas,Dirk Kuyt,33,Turquie,Fenerbahce
Pays-Bas,Jeremain Lens,26,Ukraine,Dynamo Kyiv
Pays-Bas,Klaas-Jan Huntelaar,30,Allemagne,Schalke 4
Pays-Bas,Robin van Persie (c),30,Angleterre,Manchester United
Argentine,Camilo Vargas,24,Colombie,Santa Fe
Argentine,David Ospina,25,France,Nice
Argentine,Faryd Mondragon,42,Colombie,Deportivo Cali
Argentine,Carlos Valdes,29,Argentine,San Lorenzo
Argentine,Cristian Zapata,27,Italie,Milan
Argentine,Eder Alvarez Balanta,21,Argentine,River Plate
Argentine,Juan Camilo Zuniga,28,Italie,Napoli
Argentine,Mario Yepes (c),38,Italie,Atalanta
Argentine,Pablo Armero,27,Angleterre,West Ham United
Argentine,Santiago Arias,22,Pays-Bas,PSV
Argentine,Abel Aguilar,29,France,Toulouse
Argentine,Carlos Carbonero,23,Argentine,River Plate
Argentine,Alexander Mejia,25,Colombie,Atletico Nacional
Argentine,Carlos Sanchez,28,Espagne,Elche
Argentine,Fredy Guarin,27,Italie,Internazionale
Argentine,James Rodriguez,22,France,Monaco
Argentine,Juan Fernando Quintero,21,Portugal,Porto
Argentine,Juan Guillermo Cuadrado,26,Italie,Fiorentina
Argentine,Victor Ibarbo,24,Italie,Cagliari
Argentine,Adrian Ramos,28,Allemagne,Hertha BSC
Argentine,Carlos Bacca,27,Espagne,Sevilla
Argentine,Jackson Martinez,27,Portugal,Porto
Argentine,Teofilo Gutierrez,29,Argentine,River Plate
France,Boubacar Barry,34,Belgique,Lokeren
France,Sayouba Mande,21,Norvege,Stabæk
France,Sylvain Gbohouo,25,Cote d'Ivoire,Sewe Sport
France,Arthur Boka,31,Allemagne,VfB Stuttgart
France,Constant Djakpa,27,Allemagne,Eintracht Frankfurt
France,Didier Zokora,33,Turquie,Trabzonspor
France,Jean-Daniel Akpa-Akpro,21,France,Toulouse
France,Kolo Toure,33,Angleterre,Liverpool
France,Ousmane Viera,27,Turquie,caykur Rizespor
France,Serge Aurier,21,France,Toulouse
France,Sol Bamba,29,Turquie,Trabzonspor
France,Cheick Tiote,27,Angleterre,Newcastle United
France,Didier Ya Konan,30,Allemagne,Hannover 96
France,Ismael Diomande,21,France,Saint-etienne
France,Serey Die,29,Suisse,Basel
France,Yaya Toure,31,Angleterre,Manchester City
France,Didier Drogba (c),36,Turquie,Galatasaray
France,Gervinho,27,Italie,Roma
France,Giovanni Sio,25,Suisse,Basel
France,Mathis Bolly,23,Allemagne,Fortuna Düsseldorf
France,Max Gradel,26,France,Saint-etienne
France,Salomon Kalou,28,France,Lille
France,Wilfried Bony,25,Angleterre,Swansea City
Portugal,Orestis Karnezis,28,Espagne,Granada
Portugal,Panagiotis Glykos,28,Grece,PAOK
Portugal,Stefanos Kapino,20,Grece,Panathinaikos
Portugal,Giannis Maniatis,27,Grece,Olympiacos
Portugal,Giorgos Tzavellas,26,Grece,PAOK
Portugal,Jose Holebas,29,Grece,Olympiacos
Portugal,Kostas Manolas,22,Grece,Olympiacos
Portugal,Loukas Vyntra,33,Espagne,Levante
Portugal,Sokratis Papastathopoulos,25,Allemagne,Borussia Dortmund
Portugal,Vangelis Moras,32,Italie,Verona
Portugal,Vasilis Torosidis,28,Italie,Roma
Portugal,Alexandros Tziolis,29,Turquie,Kayserispor
Portugal,Andreas Samaris,24,Grece,Olympiacos
Portugal,Giannis Fetfatzidis,23,Italie,Genoa
Portugal,Giorgos Karagounis (c),37,Angleterre,Fulham
Portugal,Kostas Katsouranis,34,Grece,PAOK
Portugal,Lazaros Christodoulopoulos,27,Italie,Bologna
Portugal,Panagiotis Kone,26,Italie,Bologna
Portugal,Panagiotis Tachtsidis,23,Italie,Torino
Portugal,Dimitris Salpingidis,32,Grece,PAOK
Portugal,Giorgos Samaras,29,Ecosse,Celtic
Portugal,Kostas Mitroglou,26,Angleterre,Fulham
Portugal,Theofanis Gekas,34,Turquie,Konyaspor
Italie,Eiji Kawashima,31,Belgique,Standard Liege
Italie,Sh?ichi Gonda,25,Japon,F.C. Tokyo
Italie,Shusaku Nishikawa,27,Japon,Urawa Red Diamonds
Italie,Atsuto Uchida,26,Allemagne,Schalke 4
Italie,G?toku Sakai,23,Allemagne,VfB Stuttgart
Italie,Hiroki Sakai,24,Allemagne,Hannover 96
Italie,Masahiko Inoha,30,Japon,Jubilo Iwata
Italie,Masato Morishige,27,Japon,F.C. Tokyo
Italie,Maya Yoshida,25,Angleterre,Southampton
Italie,Yasuyuki Konno,31,Japon,Gamba Osaka
Italie,Yuto Nagatomo,27,Italie,Internazionale
Italie,Hiroshi Kiyotake,24,Allemagne,1. FC Nürnberg
Italie,Hotaru Yamaguchi,23,Japon,Cerezo Osaka
Italie,Keisuke Honda,27,Italie,Milan
Italie,Makoto Hasebe (c),30,Allemagne,1. FC Nürnberg
Italie,Shinji Kagawa,25,Angleterre,Manchester United
Italie,Toshihiro Aoyama,28,Japon,Sanfrecce Hiroshima
Italie,Yasuhito End?,34,Japon,Gamba Osaka
Italie,Manabu Sait?,24,Japon,Yokohama F. Marinos
Italie,Shinji Okazaki,28,Allemagne,Mainz 5
Italie,Yoichiro Kakitani,24,Japon,Cerezo Osaka
Italie,Yoshito ?kubo,31,Japon,Kawasaki Frontale
Italie,Yuya Osako,24,Allemagne,1860 München
Angleterre,Ben Foster,31,Angleterre,West Bromwich Albion
Angleterre,Fraser Forster,26,Ecosse,Celtic
Angleterre,Joe Hart,27,Angleterre,Manchester City
Angleterre,Chris Smalling,24,Angleterre,Manchester United
Angleterre,Gary Cahill,28,Angleterre,Chelsea
Angleterre,Glen Johnson,29,Angleterre,Liverpool
Angleterre,Leighton Baines,29,Angleterre,Everton
Angleterre,Luke Shaw,18,Angleterre,Southampton
Angleterre,Phil Jagielka,31,Angleterre,Everton
Angleterre,Phil Jones,22,Angleterre,Manchester United
Angleterre,Adam Lallana,26,Angleterre,Southampton
Angleterre,Alex Oxlade-Chamberlain,20,Angleterre,Arsenal
Angleterre,Frank Lampard,35,Angleterre,Chelsea
Angleterre,Jack Wilshere,22,Angleterre,Arsenal
Angleterre,James Milner,28,Angleterre,Manchester City
Angleterre,Jordan Henderson,23,Angleterre,Liverpool
Angleterre,Raheem Sterling,19,Angleterre,Liverpool
Angleterre,Ross Barkley,20,Angleterre,Everton
Angleterre,Steven Gerrard (c),34,Angleterre,Liverpool
Angleterre,Daniel Sturridge,24,Angleterre,Liverpool
Angleterre,Danny Welbeck,23,Angleterre,Manchester United
Angleterre,Rickie Lambert,32,Angleterre,Southampton
Angleterre,Wayne Rooney,28,Angleterre,Manchester United
Colombie,Daniel Cambronero,28,Costa Rica,Herediano
Colombie,Keylor Navas,27,Espagne,Levante
Colombie,Patrick Pemberton,32,Costa Rica,Alajuelense
Colombie,Cristian Gamboa,24,Norvege,Rosenborg
Colombie,Giancarlo Gonzalez,26,Etats-Unis,Columbus Crew
Colombie,Heiner Mora,29,Costa Rica,Saprissa
Colombie,Johnny Acosta,30,Costa Rica,Alajuelense
Colombie,Junior Diaz,30,Allemagne,Mainz 5
Colombie,Michael Umana,31,Costa Rica,Saprissa
Colombie,Oscar Duarte,25,Belgique,Club Brugge
Colombie,Roy Miller,29,Etats-Unis,New York Red Bulls
Colombie,Waylon Francis,23,Etats-Unis,Columbus Crew
Colombie,Celso Borges,26,Suede,AIK
Colombie,Christian Bolanos,30,Danemark,Copenhagen
Colombie,Diego Calvo,23,Norvege,Vålerenga
Colombie,Esteban Granados,28,Costa Rica,Herediano
Colombie,Jose Miguel Cubero,27,Costa Rica,Herediano
Colombie,Michael Barrantes,30,Norvege,Aalesund
Colombie,Yeltsin Tejeda,22,Costa Rica,Saprissa
Colombie,Bryan Ruiz (c),28,Pays-Bas,PSV
Colombie,Joel Campbell,21,Grece,Olympiacos
Colombie,Marco Urena,24,Russie,Kuban Krasnodar
Colombie,Randall Brenes,30,Costa Rica,Cartagines
Italie,Gianluigi Buffon (c),36,Italie,Juventus
Italie,Mattia Perin,21,Italie,Genoa
Italie,Salvatore Sirigu,27,France,Paris Saint-Germain
Italie,Andrea Barzagli,33,Italie,Juventus
Italie,Gabriel Paletta,28,Italie,Parma
Italie,Giorgio Chiellini,29,Italie,Juventus
Italie,Ignazio Abate,27,Italie,Milan
Italie,Leonardo Bonucci,27,Italie,Juventus
Italie,Matteo Darmian,24,Italie,Torino
Italie,Mattia De Sciglio,21,Italie,Milan
Italie,Alberto Aquilani,29,Italie,Fiorentina
Italie,Andrea Pirlo,35,Italie,Juventus
Italie,Antonio Candreva,27,Italie,Lazio
Italie,Claudio Marchisio,28,Italie,Juventus
Italie,Daniele De Rossi,30,Italie,Roma
Italie,Marco Parolo,29,Italie,Parma
Italie,Marco Verratti,21,France,Paris Saint-Germain
Italie,Thiago Motta,31,France,Paris Saint-Germain
Italie,Alessio Cerci,26,Italie,Torino
Italie,Antonio Cassano,31,Italie,Parma
Italie,Ciro Immobile,24,Italie,Torino
Italie,Lorenzo Insigne,23,Italie,Napoli
Italie,Mario Balotelli,23,Italie,Milan
Uruguay,Fernando Muslera,27,Turquie,Galatasaray
Uruguay,Martin Silva,31,Bresil,Vasco da Gama
Uruguay,Rodrigo Munoz,32,Paraguay,Libertad
Uruguay,Diego Godin,28,Espagne,Atletico Madrid
Uruguay,Diego Lugano (c),33,Angleterre,West Bromwich Albion
Uruguay,Jorge Fucile,29,Portugal,Porto
Uruguay,Jose Maria Gimenez,19,Espagne,Atletico Madrid
Uruguay,Martin Caceres,27,Italie,Juventus
Uruguay,Maxi Pereira,29,Portugal,Benfica
Uruguay,Sebastian Coates,23,Uruguay,Nacional
Uruguay,alvaro Gonzalez,29,Italie,Lazio
Uruguay,alvaro Pereira,28,Bresil,São Paulo
Uruguay,Cristian Rodriguez,28,Espagne,Atletico Madrid
Uruguay,Diego Perez,34,Italie,Bologna
Uruguay,Egidio Arevalo Rios,32,Mexique,Morelia
Uruguay,Gaston Ramirez,23,Angleterre,Southampton
Uruguay,Nicolas Lodeiro,25,Bresil,Botafogo
Uruguay,Walter Gargano,29,Italie,Parma
Uruguay,Abel Hernandez,23,Italie,Palermo
Uruguay,Christian Stuani,27,Espagne,Espanyol
Uruguay,Diego Forlan,35,Japon,Cerezo Osaka
Uruguay,Edinson Cavani,27,France,Paris Saint-Germain
Uruguay,Luis Suarez,27,Angleterre,Liverpool
Equateur,Adrian Bone,25,Equateur,El Nacional
Equateur,Alexander Dominguez,27,Equateur,LDU Quito
Equateur,Maximo Banguera,28,Equateur,Barcelona
Equateur,Frickson Erazo,26,Bresil,Flamengo
Equateur,Gabriel Achilier,29,Equateur,Emelec
Equateur,Jorge Guagua,32,Equateur,Emelec
Equateur,Juan Carlos Paredes,26,Equateur,Barcelona
Equateur,oscar Bagüi,31,Equateur,Emelec
Equateur,Walter Ayovi,34,Mexique,Pachuca
Equateur,Antonio Valencia (c),28,Angleterre,Manchester United
Equateur,Carlos Gruezo,19,Allemagne,VfB Stuttgart
Equateur,Christian Noboa,29,Russie,Dynamo Moscow
Equateur,Edison Mendez,35,Colombie,Santa Fe
Equateur,Fidel Martinez,24,Mexique,Tijuana
Equateur,Jefferson Montero,24,Mexique,Morelia
Equateur,Joao Rojas,24,Mexique,Cruz Azul
Equateur,Luis Saritama,30,Equateur,Barcelona
Equateur,Michael Arroyo,27,Mexique,Atlante
Equateur,Renato Ibarra,23,Pays-Bas,Vitesse
Equateur,Segundo Castillo,32,Arabie Saoudite,Al-Hilal
Equateur,Enner Valencia,25,Mexique,Pachuca
Equateur,Felipe Caicedo,25,EAU,Al-Jazira
Equateur,Jaime Ayovi,26,Mexique,Tijuana
France,Hugo Lloris (c),27,Angleterre,Tottenham Hotspur
France,Mickael Landreau,35,France,Bastia
France,Stephane Ruffier,27,France,Saint-etienne
France,Bacary Sagna,31,Angleterre,Arsenal
France,Eliaquim Mangala,23,Portugal,Porto
France,Laurent Koscielny,28,Angleterre,Arsenal
France,Lucas Digne,20,France,Paris Saint-Germain
France,Mamadou Sakho,24,Angleterre,Liverpool
France,Mathieu Debuchy,28,Angleterre,Newcastle United
France,Patrice Evra,33,Angleterre,Manchester United
France,Raphael Varane,21,Espagne,Real Madrid
France,Antoine Griezmann,23,Espagne,Real Sociedad
France,Blaise Matuidi,27,France,Paris Saint-Germain
France,Morgan Schneiderlin,24,Angleterre,Southampton
France,Remy Cabella,24,France,Montpellier
France,Mathieu Valbuena,29,France,Marseille
France,Moussa Sissoko,24,Angleterre,Newcastle United
France,Paul Pogba,21,Italie,Juventus
France,Rio Mavuba,30,France,Lille
France,Yohan Cabaye,28,France,Paris Saint-Germain
France,Karim Benzema,26,Espagne,Real Madrid
France,Loec Remy,27,Angleterre,Newcastle United
France,Olivier Giroud,27,Angleterre,Arsenal
Colombie,Donis Escober,34,Honduras,Olimpia
Colombie,Luis Lopez,20,Honduras,Real Espana
Colombie,Noel Valladares (c),37,Honduras,Olimpia
Colombie,Brayan Beckeles,28,Honduras,Olimpia
Colombie,Emilio Izaguirre,28,Ecosse,Celtic
Colombie,Juan Carlos Garcia,26,Angleterre,Wigan Athletic
Colombie,Juan Pablo Montes,28,Honduras,Motagua
Colombie,Maynor Figueroa,31,Angleterre,Hull City
Colombie,Osman Chavez,29,Chine,Qingdao Jonoon
Colombie,Victor Bernardez,32,Etats-Unis,San Jose Earthquakes
Colombie,Andy Najar,21,Belgique,Anderlecht
Colombie,Edder Delgado,27,Honduras,Real Espana
Colombie,Jorge Claros,28,Honduras,Motagua
Colombie,Luis Garrido,23,Honduras,Olimpia
Colombie,Mario Martinez,24,Honduras,Real Espana
Colombie,Marvin Chavez,30,Etats-Unis,Chivas USA
Colombie,oscar Garcia,29,Etats-Unis,Houston Dynamo
Colombie,Roger Espinoza,27,Angleterre,Wigan Athletic
Colombie,Wilson Palacios,29,Angleterre,Stoke City
Colombie,Carlo Costly,31,Honduras,Real Espana
Colombie,Jerry Bengtson,27,Etats-Unis,New Angleterre Revolution
Colombie,Jerry Palacios,32,Costa Rica,Alajuelense
Colombie,Rony Martinez,25,Honduras,Real Sociedad
Allemagne,Diego Benaglio,30,Allemagne,VfL Wolfsburg
Allemagne,Roman Bürki,23,Suisse,Grasshopper
Allemagne,Yann Sommer,25,Suisse,Basel
Allemagne,Fabian Schär,22,Suisse,Basel
Allemagne,Johan Djourou,27,Allemagne,Hamburger SV
Allemagne,Michael Lang,23,Suisse,Grasshopper
Allemagne,Philippe Senderos,29,Espagne,Valencia
Allemagne,Reto Ziegler,28,Italie,Sassuolo
Allemagne,Ricardo Rodriguez,21,Allemagne,VfL Wolfsburg
Allemagne,Stephan Lichtsteiner,30,Italie,Juventus
Allemagne,Steve von Bergen,30,Suisse,Young Boys
Allemagne,Blerim Dzemaili,28,Italie,Napoli
Allemagne,Gelson Fernandes,27,Allemagne,SC Freiburg
Allemagne,Gökhan Inler (c),29,Italie,Napoli
Allemagne,Granit Xhaka,21,Allemagne,Borussia Mönchengladbach
Allemagne,Tranquillo Barnetta,29,Allemagne,Eintracht Frankfurt
Allemagne,Valentin Stocker,25,Suisse,Basel
Allemagne,Valon Behrami,29,Italie,Napoli
Allemagne,Xherdan Shaqiri,22,Allemagne,Bayern Munich
Allemagne,Admir Mehmedi,23,Allemagne,SC Freiburg
Allemagne,Haris Seferovic,22,Espagne,Real Sociedad
Allemagne,Josip Drmic,21,Allemagne,1. FC Nürnberg
Allemagne,Mario Gavranovic,24,Suisse,Zürich
Argentine,Agustin Orion,32,Argentine,Boca Juniors
Argentine,Mariano Andujar,30,Italie,Catania
Argentine,Sergio Romero,27,France,Monaco
Argentine,Ezequiel Garay,27,Portugal,Benfica
Argentine,Federico Fernandez,25,Italie,Napoli
Argentine,Hugo Campagnaro,33,Italie,Internazionale
Argentine,Jose Maria Basanta,30,Mexique,Monterrey
Argentine,Marcos Rojo,24,Portugal,Sporting
Argentine,Martin Demichelis,33,Angleterre,Manchester City
Argentine,Pablo Zabaleta,29,Angleterre,Manchester City
Argentine,angel di Maria,26,Espagne,Real Madrid
Argentine,Augusto Fernandez,28,Espagne,Celta Vigo
Argentine,Enzo Perez,28,Portugal,Benfica
Argentine,Fernando Gago,28,Argentine,Boca Juniors
Argentine,Javier Mascherano,29,Espagne,Barcelona
Argentine,Lucas Biglia,28,Italie,Lazio
Argentine,Maxi Rodriguez,33,Argentine,Newell's Old Boys
Argentine,Ricardo alvarez,26,Italie,Internazionale
Argentine,Ezequiel Lavezzi,29,France,Paris Saint-Germain
Argentine,Gonzalo Higuain,26,Italie,Napoli
Argentine,Lionel Messi (c),26,Espagne,Barcelona
Argentine,Rodrigo Palacio,32,Italie,Internazionale
Argentine,Sergio Agüero,26,Angleterre,Manchester City
Bosnie-Herzegovine,Asmir Avdukic,33,Bosnie-Herzegovine,and Herzegovina Borac Banja
Bosnie-Herzegovine,Asmir Begovic,26,Angleterre,Stoke City
Bosnie-Herzegovine,Jasmin Fejzic,28,Allemagne,VfR Aalen
Bosnie-Herzegovine,Avdija Vrsajevic,28,Croatie,Hajduk Split
Bosnie-Herzegovine,Emir Spahic (c),33,Allemagne,Bayer Leverkusen
Bosnie-Herzegovine,Ermin Bicakcic,24,Allemagne,Eintracht Braunschweig
Bosnie-Herzegovine,Mensur Mujdza,30,Allemagne,SC Freiburg
Bosnie-Herzegovine,Muhamed Besic,21,Hongrie,Ferencvaros
Bosnie-Herzegovine,Ognjen Vranjes,24,Turquie,Elaz??spor
Bosnie-Herzegovine,Sead Kolasinac,20,Allemagne,Schalke 4
Bosnie-Herzegovine,Toni sunjic,25,Ukraine,Zorya Luhansk
Bosnie-Herzegovine,Anel Hadzic,24,Autriche,Sturm Graz
Bosnie-Herzegovine,Haris Medunjanin,29,Turquie,Gaziantepspor
Bosnie-Herzegovine,Izet Hajrovic,22,Turquie,Galatasaray
Bosnie-Herzegovine,Miralem Pjanic,24,Italie,Roma
Bosnie-Herzegovine,Sejad Salihovic,29,Allemagne,1899 Hoffenheim
Bosnie-Herzegovine,Senad Lulic,28,Italie,Lazio
Bosnie-Herzegovine,Senijad Ibricic,28,Turquie,Kayseri Erciyesspor
Bosnie-Herzegovine,Tino-Sven Susic,22,Croatie,Hajduk Split
Bosnie-Herzegovine,Zvjezdan Misimovic,32,Chine,Guizhou Renhe
Bosnie-Herzegovine,Edin Dzeko,28,Angleterre,Manchester City
Bosnie-Herzegovine,Edin Visca,24,Turquie,?stanbul BB
Bosnie-Herzegovine,Vedad Ibisevic,29,Allemagne,VfB Stuttgart
Portugal,Alireza Haghighi,26,Portugal,Sporting Covilhã
Portugal,Daniel Davari,26,Allemagne,Eintracht Braunschweig
Portugal,Rahman Ahmadi,33,Iran,Sepahan
Portugal,Ahmad Alnameh,31,Iran,Naft Tehran
Portugal,Amir Hossein Sadeghi,32,Iran,Esteghlal
Portugal,Hashem Beikzadeh,30,Iran,Esteghlal
Portugal,Hossein Mahini,27,Iran,Persepolis
Portugal,Jalal Hosseini,32,Iran,Persepolis
Portugal,Mehrdad Pouladi,27,Iran,Persepolis
Portugal,Pejman Montazeri,30,Qatar,Umm Salal
Portugal,Steven Beitashour,27,Etats-Unis,Vancouver Whitecaps
Portugal,Andranik Teymourian,31,Iran,Esteghlal
Portugal,Ashkan Dejagah,27,Angleterre,Fulham
Portugal,Bakhtiar Rahmani,22,Iran,Foolad
Portugal,Ehsan Hajsafi,24,Iran,Sepahan
Portugal,Ghasem Haddadifar,30,Iran,Zob Ahan
Portugal,Javad Nekounam (c),33,Koweit,Al-Kuwait
Portugal,Khosro Heydari,30,Iran,Esteghlal
Portugal,Masoud Shojaei,29,Espagne,Las Palmas
Portugal,Reza Haghighi,25,Iran,Persepolis
Portugal,Alireza Jahanbakhsh,20,Pays-Bas,NEC
Portugal,Karim Ansarifard,24,Iran,Tractor Sazi
Portugal,Reza Ghoochannejhad,26,Angleterre,Charlton Athletic
Nigeria,Austin Ejide,30,Israel,Hapoel Be'er Sheva
Nigeria,Chigozie Agbim,29,Nigeria,Gombe United
Nigeria,Vincent Enyeama (c),31,France,Lille
Nigeria,Azubuike Egwuekwe,24,Nigeria,Warri Wolves
Nigeria,Efe Ambrose,25,Ecosse,Celtic
Nigeria,Go2. Defenseurrey Oboabona,23,Turquie,caykur Rizespor
Nigeria,Joseph Yobo,33,Angleterre,Norwich City
Nigeria,Juwon Oshaniwa,23,Israel,Ashdod
Nigeria,Kenneth Omeruo,20,Angleterre,Middlesbrough
Nigeria,Kunle Odunlami,24,Nigeria,Sunshine Stars
Nigeria,Uwa Elderson Echiejile,26,France,Monaco
Nigeria,John Obi Mikel,27,Angleterre,Chelsea
Nigeria,Michael Babatunde,21,Ukraine,Volyn Lutsk
Nigeria,Ogenyi Onazi,21,Italie,Lazio
Nigeria,Ramon Azeez,21,Espagne,Almeria
Nigeria,Reuben Gabriel,23,Belgique,Waasland-Beveren
Nigeria,Victor Moses,23,Angleterre,Liverpool
Nigeria,Ahmed Musa,21,Russie,CSKA Moscow
Nigeria,Emmanuel Emenike,27,Turquie,Fenerbahce
Nigeria,Michael Uchebo,24,Belgique,Cercle Brugge
Nigeria,Peter Odemwingie,32,Angleterre,Stoke City
Nigeria,Shola Ameobi,32,Angleterre,Newcastle United
Nigeria,Uche Nwofor,22,Pays-Bas,Heerenveen
Allemagne,Manuel Neuer,28,Allemagne,Bayern Munich
Allemagne,Roman Weidenfeller,33,Allemagne,Borussia Dortmund
Allemagne,Ron-Robert Zieler,25,Allemagne,Hannover 96
Allemagne,Benedikt Höwedes,26,Allemagne,Schalke 4
Allemagne,Erik Durm,22,Allemagne,Borussia Dortmund
Allemagne,Jerôme Boateng,25,Allemagne,Bayern Munich
Allemagne,Kevin Großkreutz,25,Allemagne,Borussia Dortmund
Allemagne,Mats Hummels,25,Allemagne,Borussia Dortmund
Allemagne,Per Mertesacker,29,Angleterre,Arsenal
Allemagne,Philipp Lahm (c),30,Allemagne,Bayern Munich
Allemagne,Andre Schürrle,23,Angleterre,Chelsea
Allemagne,Bastian Schweinsteiger,29,Allemagne,Bayern Munich
Allemagne,Christoph Kramer,23,Allemagne,Borussia Mönchengladbach
Allemagne,Julian Draxler,20,Allemagne,Schalke 4
Allemagne,Mario Götze,22,Allemagne,Bayern Munich
Allemagne,Matthias Ginter,20,Allemagne,SC Freiburg
Allemagne,Mesut Özil,25,Angleterre,Arsenal
Allemagne,Sami Khedira,27,Espagne,Real Madrid
Allemagne,Thomas Müller,24,Allemagne,Bayern Munich
Allemagne,Toni Kroos,24,Allemagne,Bayern Munich
Allemagne,Lukas Podolski,29,Angleterre,Arsenal
Allemagne,Miroslav Klose,35,Italie,Lazio
Allemagne,Shkodran Mustafi,22,Italie,Sampdoria
Allemagne,Brad Guzan,29,Angleterre,Aston Villa
Allemagne,Nick Rimando,34,Etats-Unis,Real Salt Lake
Allemagne,Tim Howard,35,Angleterre,Everton
Allemagne,DaMarcus Beasley,32,Mexique,Puebla
Allemagne,DeAndre Yedlin,20,Etats-Unis,Seattle Sounders FC
Allemagne,Fabian Johnson,26,Allemagne,1899 Hoffenheim
Allemagne,Geoff Cameron,28,Angleterre,Stoke City
Allemagne,John Brooks,21,Allemagne,Hertha BSC
Allemagne,Matt Besler,27,Etats-Unis,Sporting Kansas City
Allemagne,Omar Gonzalez,25,Etats-Unis,Los Angeles Galaxy
Allemagne,Timothy Chandler,24,Allemagne,1. FC Nürnberg
Allemagne,Alejandro Bedoya,27,France,Nantes
Allemagne,Brad Davis,32,Etats-Unis,Houston Dynamo
Allemagne,Graham Zusi,27,Etats-Unis,Sporting Kansas City
Allemagne,Jermaine Jones,32,Turquie,Besiktas
Allemagne,Julian Green,19,Allemagne,Bayern Munich
Allemagne,Kyle Beckerman,32,Etats-Unis,Real Salt Lake
Allemagne,Michael Bradley,26,Etats-Unis,Toronto FC
Allemagne,Mikkel Diskerud,23,Norvege,Rosenborg
Allemagne,Aron Johannsson,23,Pays-Bas,AZ
Allemagne,Chris Wondolowski,31,Etats-Unis,San Jose Earthquakes
Allemagne,Clint Dempsey (c),31,Etats-Unis,Seattle Sounders FC
Allemagne,Jozy Altidore,24,Angleterre,Sunderland
Ghana,Adam Kwarasey,26,Norvege,Strømsgodset
Ghana,Fatau Dauda,29,Afrique du Sud,Orlando Pirates
Ghana,Steven Adams,24,Ghana,Aduana Stars
Ghana,Daniel Opare,23,Belgique,Standard Liege
Ghana,Harrison Afful,27,Tunisie,Esperance
Ghana,John Boye,27,France,Rennes
Ghana,Jonathan Mensah,23,France,evian
Ghana,Rashid Sumaila,21,Afrique du Sud,Mamelodi Sundowns
Ghana,Samuel Inkoom,25,Grece,Platanias
Ghana,Acquah Afriyie,22,Italie,Parma
Ghana,Albert Adomah,26,Angleterre,Middlesbrough
Ghana,Andre Ayew,24,France,Marseille
Ghana,Christian Atsu,22,Pays-Bas,Vitesse
Ghana,Emmanuel Agyemang-Badu,23,Italie,Udinese
Ghana,Kwadwo Asamoah,25,Italie,Juventus
Ghana,Michael Essien,31,Italie,Milan
Ghana,Mohammed Rabiu,24,Russie,Kuban Krasnodar
Ghana,Sulley Muntari,29,Italie,Milan
Ghana,Wakaso Mubarak,23,Russie,Rubin Kazan
Ghana,Asamoah Gyan (c),28,EAU,Al-Ain
Ghana,Jordan Ayew,22,France,Sochaux
Ghana,Kevin-Prince Boateng,27,Allemagne,Schalke 4
Ghana,Majeed Waris,22,France,Valenciennes
Portugal,Beto,32,Espagne,Sevilla
Portugal,Eduardo,31,Portugal,Braga
Portugal,Rui Patricio,26,Portugal,Sporting
Portugal,Andre Almeida,23,Portugal,Benfica
Portugal,Bruno Alves,32,Turquie,Fenerbahce
Portugal,Fabio Coentrão,26,Espagne,Real Madrid
Portugal,João Pereira,30,Espagne,Valencia
Portugal,Luis Neto,26,Russie,Zenit Saint Petersburg
Portugal,Pepe,31,Espagne,Real Madrid
Portugal,Ricardo Costa,33,Espagne,Valencia
Portugal,João Moutinho,27,France,Monaco
Portugal,Miguel Veloso,28,Ukraine,Dynamo Kyiv
Portugal,Nani,27,Angleterre,Manchester United
Portugal,Rafa Silva,21,Portugal,Braga
Portugal,Raul Meireles,31,Turquie,Fenerbahce
Portugal,Ruben Amorim,29,Portugal,Benfica
Portugal,Silvestre Varela,29,Portugal,Porto
Portugal,Vieirinha,28,Allemagne,VfL Wolfsburg
Portugal,William Carvalho,22,Portugal,Sporting
Portugal,Cristiano Ronaldo (c),29,Espagne,Real Madrid
Portugal,eder,26,Portugal,Braga
Portugal,Helder Postiga,31,Italie,Lazio
Portugal,Hugo Almeida,30,Turquie,Besiktas
Bosnie-Herzegovine,Cedric Si Mohamed,29,Algerie,CS Constantine
Bosnie-Herzegovine,Mohamed Zemmamouche,29,Algerie,USM Alger
Bosnie-Herzegovine,Raes M'Bolhi,28,Bulgarie,CSKA Sofia
Bosnie-Herzegovine,Aissa Mandi,22,France,Reims
Bosnie-Herzegovine,Carl Medjani,29,France,Valenciennes
Bosnie-Herzegovine,Djamel Mesbah,29,Italie,Livorno
Bosnie-Herzegovine,Essaed Belkalem,25,Angleterre,Watford
Bosnie-Herzegovine,Faouzi Ghoulam,23,Italie,Napoli
Bosnie-Herzegovine,Liassine Cadamuro-Bentaeba,26,Espagne,Mallorca
Bosnie-Herzegovine,Madjid Bougherra (c),31,Qatar,Lekhwiya
Bosnie-Herzegovine,Rafik Halliche,27,Portugal,Academica
Bosnie-Herzegovine,Abdelmoumene Djabou,27,Tunisie,Club Africain
Bosnie-Herzegovine,Hassan Yebda,30,Italie,Udinese
Bosnie-Herzegovine,Medhi Lacen,30,Espagne,Getafe
Bosnie-Herzegovine,Mehdi Mostefa,30,France,Ajaccio
Bosnie-Herzegovine,Nabil Bentaleb,19,Angleterre,Tottenham Hotspur
Bosnie-Herzegovine,Riyad Mahrez,23,Angleterre,Leicester City
Bosnie-Herzegovine,Saphir Taeder,22,Italie,Internazionale
Bosnie-Herzegovine,Sofiane Feghouli,24,Espagne,Valencia
Bosnie-Herzegovine,Yacine Brahimi,24,Espagne,Granada
Bosnie-Herzegovine,El Arbi Hillel Soudani,26,Croatie,Dinamo Zagreb
Bosnie-Herzegovine,Islam Slimani,25,Portugal,Sporting CP
Bosnie-Herzegovine,Nabil Ghilas,24,Portugal,Porto
Belgique,Sammy Bossut,28,Belgique,Zulte Waregem
Belgique,Simon Mignolet,25,Angleterre,Liverpool
Belgique,Thibaut Courtois,22,Espagne,Atletico Madrid
Belgique,Anthony Vanden Borre,26,Belgique,Anderlecht
Belgique,Daniel Van Buyten,36,Allemagne,Bayern Munich
Belgique,Jan Vertonghen,27,Angleterre,Tottenham Hotspur
Belgique,Laurent Ciman,28,Belgique,Standard Liege
Belgique,Nicolas Lombaerts,29,Russie,Zenit Saint Petersburg
Belgique,Thomas Vermaelen,28,Angleterre,Arsenal
Belgique,Toby Alderweireld,25,Espagne,Atletico Madrid
Belgique,Vincent Kompany (c),28,Angleterre,Manchester City
Belgique,Adnan Januzaj,19,Angleterre,Manchester United
Belgique,Axel Witsel,25,Russie,Zenit Saint Petersburg
Belgique,Eden Hazard,23,Angleterre,Chelsea
Belgique,Kevin De Bruyne,22,Allemagne,VfL Wolfsburg
Belgique,Kevin Mirallas,26,Angleterre,Everton
Belgique,Marouane Fellaini,26,Angleterre,Manchester United
Belgique,Mousa Dembele,26,Angleterre,Tottenham Hotspur
Belgique,Nacer Chadli,24,Angleterre,Tottenham Hotspur
Belgique,Steven Defour,26,Portugal,Porto
Belgique,Divock Origi,19,France,Lille
Belgique,Dries Mertens,27,Italie,Napoli
Belgique,Romelu Lukaku,21,Angleterre,Everton
Coree du Sud,Jung Sung-Ryong,29,Coree du Sud,Suwon Bluewings
Coree du Sud,Kim Seung-Gyu,23,Coree du Sud,Ulsan Hyundai
Coree du Sud,Lee Bum-Young,25,Coree du Sud,Busan I'Park
Coree du Sud,Hong Jeong-Ho,24,Allemagne,FC Augsburg
Coree du Sud,Hwang Seok-Ho,24,Japon,Sanfrecce Hiroshima
Coree du Sud,Kim Chang-Soo,28,Japon,Kashiwa Reysol
Coree du Sud,Kim Young-Gwon,24,Chine,Guangzhou Evergrande
Coree du Sud,Kwak Tae-Hwi,32,Arabie Saoudite,Al-Hilal
Coree du Sud,Lee Yong,27,Coree du Sud,Ulsan Hyundai
Coree du Sud,Park Joo-Ho,27,Allemagne,Mainz 5
Coree du Sud,Yun Suk-Young,24,Angleterre,Queens Park Rangers
Coree du Sud,Ha Dae-Sung,29,Chine,Beijing Guoan
Coree du Sud,Han Kook-Young,24,Japon,Kashiwa Reysol
Coree du Sud,Ki Sung-Yueng,25,Angleterre,Sunderland
Coree du Sud,Kim Bo-Kyung,24,Angleterre,Cardiff City
Coree du Sud,Koo Ja-Cheol (c),25,Allemagne,Mainz 5
Coree du Sud,Lee Chung-Yong,25,Angleterre,Bolton Wanderers
Coree du Sud,Park Jong-Woo,25,Chine,Guangzhou R&F
Coree du Sud,Ji Dong-Won,23,Allemagne,FC Augsburg
Coree du Sud,Kim Shin-Wook,26,Coree du Sud,Ulsan Hyundai
Coree du Sud,Lee Keun-Ho,29,Coree du Sud,Sangju Sangmu
Coree du Sud,Park Chu-Young,28,Angleterre,Watford
Coree du Sud,Son Heung-Min,21,Allemagne,Bayer Leverkusen
Italie,Igor Akinfeev,28,Russie,CSKA Moscow
Italie,Sergey Ryzhikov,33,Russie,Rubin Kazan
Italie,Yuri Lodygin,24,Russie,Zenit Saint Petersburg
Italie,Aleksei Kozlov,27,Russie,Dynamo Moscow
Italie,Andrei Semyonov,25,Russie,Terek Grozny
Italie,Andrey Yeshchenko,30,Russie,Anzhi Makhachkala
Italie,Dmitri Kombarov,27,Russie,Spartak Moscow
Italie,Georgi Shchennikov,23,Russie,CSKA Moscow
Italie,Sergei Ignashevich,34,Russie,CSKA Moscow
Italie,Vasili Berezutski,31,Russie,CSKA Moscow
Italie,Vladimir Granat,27,Russie,Dynamo Moscow
Italie,Alan Dzagoev,23,Russie,CSKA Moscow
Italie,Denis Glushakov,27,Russie,Spartak Moscow
Italie,Igor Denisov,30,Russie,Dynamo Moscow
Italie,Oleg Shatov,23,Russie,Zenit Saint Petersburg
Italie,Pavel Mogilevets,21,Russie,Rubin Kazan
Italie,Viktor Fayzulin,28,Russie,Zenit Saint Petersburg
Italie,Aleksandr Kerzhakov,31,Russie,Zenit Saint Petersburg
Italie,Aleksandr Kokorin,23,Russie,Dynamo Moscow
Italie,Aleksandr Samedov,29,Russie,Lokomotiv Moscow
Italie,Aleksei Ionov,25,Russie,Dynamo Moscow
Italie,Maksim Kanunnikov,22,Russie,Rubin Kazan
Italie,Yuri Zhirkov,30,Russie,Dynamo Moscow
